{
	"class_name" : "ViewTrajectory",
	"interval" : 29,
	"is_loop" : false,
	"trajectory" :
	[
		{
			"boundingbox_max" : [ 5.0434547178423186, 20.969386164919754, 3.8979015679639879 ],
			"boundingbox_min" : [ -6.2108701951825838, -17.905524666531662, -2.5267123846727291 ],
			"field_of_view" : 60.0,
			"front" : [ -0.041816570311862714, -0.98376548882294346, 0.17451887418932169 ],
			"lookat" : [ -0.58370773867013259, 1.5319307491940464, 0.68559459164562941 ],
			"up" : [ -0.0041421069544433165, 0.17484085284573567, 0.98458799460797497 ],
			"zoom" : 0.46000000000000019
		}
	],
	"version_major" : 1,
	"version_minor" : 0
}
