{
	"class_name" : "ViewTrajectory",
	"interval" : 29,
	"is_loop" : false,
	"trajectory" : 
	[
		{
			"boundingbox_max" : [ 7.1798225156938811, 21.296232287661454, 3.8979015679639879 ],
			"boundingbox_min" : [ -7.027398992332242, -18.720012123807052, -2.8105767636018673 ],
			"field_of_view" : 60.0,
			"front" : [ 0.80083134012832269, 0.092730427855325662, 0.59166733255947401 ],
			"lookat" : [ 0.076211761680819556, 1.2881100819272007, 0.54366240218106032 ],
			"up" : [ -0.58827515666406294, -0.063379585271296834, 0.80617328672110611 ],
			"zoom" : 0.30600000000000005
		}
	],
	"version_major" : 1,
	"version_minor" : 0
}